,Algo,lag,dropout,epochs,batch_size,loss,rmse,power_gen_rmse,r2,model_filename,time_ran
0,Linear Regression,NA,NA,NA,NA,NA,159.44610968207442,12.627197221952084,0.577298233688445,1733979600_model_linear_mod.pkl,1733979621
1,LSTM,24,0.3,10,12,"{'loss': [391.6841125488281, 232.87063598632812, 183.44671630859375, 167.36473083496094, 163.3795623779297, 159.72235107421875, 157.91473388671875, 155.78155517578125, 154.59646606445312, 151.74903869628906], 'val_loss': [265.99920654296875, 189.01852416992188, 158.25003051757812, 147.32748413085938, 142.33302307128906, 139.96307373046875, 137.96563720703125, 136.52496337890625, 135.7036590576172, 134.62840270996094]}",134.57843568090996,11.60079461420251,0.643224017298416,1733979663_model_24_lag.h5,1733979664
2,LSTM,672,0.33,10,12,"{'loss': [215.29322814941406, 160.89920043945312, 152.54843139648438, 147.83786010742188, 146.20729064941406, 144.85543823242188, 144.0941162109375, 143.6302490234375, 142.54031372070312, 142.09788513183594], 'val_loss': [152.04324340820312, 142.15748596191406, 136.77293395996094, 134.7313690185547, 133.78744506835938, 132.92344665527344, 132.61032104492188, 132.0962677001953, 131.66317749023438, 131.01499938964844]}",130.70377672678381,11.432575244746207,0.6534959843412603,1733979927_model_672_lag.h5,1733979929
